Order ID,Date,Product,Category,Region,Quantity,Unit Price,Discount,Revenue,Cost,Profit
10001,2025-01-01,Air Fryer,Home & Kitchen,East,3,6391,0.05,18214.35,10785.172593356527,7429.177406643472
10002,2025-01-01,Bluetooth Speaker,Electronics,East,5,4971,0.0,24855.0,18038.26490868881,6816.735091311191
10003,2025-01-01,Power Bank,Electronics,West,2,7111,0.15,12088.699999999999,8664.213155867876,3424.486844132123
10004,2025-01-01,Face Serum,Beauty,West,1,974,0.05,925.3,543.7648907005603,381.5351092994397
10005,2025-01-01,Storage Set,Home & Kitchen,East,3,3099,0.05,8832.15,6270.401970281219,2561.7480297187803
10006,2025-01-01,Bluetooth Speaker,Electronics,East,5,4688,0.0,23440.0,18897.306788168895,4542.693211831105
10007,2025-01-01,Hoodie,Apparel,South,1,4117,0.0,4117.0,3024.9365899406484,1092.0634100593516
10008,2025-01-01,Coffee Maker,Home & Kitchen,West,5,1975,0.0,9875.0,7855.725522042552,2019.2744779574477
10009,2025-01-01,Power Bank,Electronics,West,2,2821,0.05,5359.9,3739.129355088052,1620.7706449119478
10010,2025-01-01,Bluetooth Speaker,Electronics,South,2,7475,0.15,12707.5,10059.300010001023,2648.199989998977
10011,2025-01-01,Body Lotion,Beauty,East,4,1516,0.15,5154.4,4010.247622799199,1144.1523772008009
10012,2025-01-01,Running Shoes,Sports,North,2,1279,0.0,2558.0,1611.5242594495817,946.4757405504183
10013,2025-01-01,Wireless Earbuds,Electronics,East,1,7263,0.0,7263.0,4570.18324550382,2692.81675449618
10014,2025-01-01,Bluetooth Speaker,Electronics,North,3,6314,0.1,17047.8,9717.110571734756,7330.689428265243
10015,2025-01-01,Air Fryer,Home & Kitchen,West,1,6075,0.0,6075.0,3445.5015840566502,2629.4984159433498
10016,2025-01-01,Storage Set,Home & Kitchen,North,3,3931,0.05,11203.35,8845.57631747647,2357.7736825235297
10017,2025-01-01,Air Fryer,Home & Kitchen,East,3,5040,0.1,13608.0,8351.446352744824,5256.553647255176
10018,2025-01-01,Bluetooth Speaker,Electronics,North,2,3284,0.0,6568.0,5200.911330023592,1367.0886699764078
10019,2025-01-01,Air Fryer,Home & Kitchen,West,4,2957,0.0,11828.0,8435.643165766467,3392.356834233533
10020,2025-01-01,Face Serum,Beauty,West,5,1683,0.05,7994.25,5896.494301757218,2097.7556982427823
10021,2025-01-01,Hoodie,Apparel,North,1,3760,0.1,3384.0,2595.4991032211824,788.5008967788176
10022,2025-01-01,Smart Watch,Electronics,South,3,3463,0.1,9350.1,7404.761681121956,1945.3383188780444
10023,2025-01-01,Air Fryer,Home & Kitchen,North,1,2506,0.0,2506.0,1931.7851509184773,574.2148490815227
10024,2025-01-01,Jeans,Apparel,South,3,1348,0.05,3841.7999999999997,2831.244202812617,1010.5557971873827
10025,2025-01-01,Power Bank,Electronics,East,3,5245,0.0,15735.0,11025.318450470573,4709.681549529427
10026,2025-01-01,Mixer Grinder,Home & Kitchen,North,2,5859,0.0,11718.0,8647.909236666892,3070.090763333108
10027,2025-01-01,Yoga Mat,Sports,North,1,1598,0.05,1518.1,1040.9965967942082,477.10340320579166
10028,2025-01-01,Wireless Earbuds,Electronics,West,1,8328,0.0,8328.0,4906.204813589441,3421.795186410559
10029,2025-01-01,Storage Set,Home & Kitchen,South,4,4710,0.1,16956.0,10413.733192902486,6542.266807097514
10030,2025-01-01,Fitness Band,Sports,North,4,1097,0.0,4388.0,3380.675826115397,1007.3241738846032
10031,2025-01-01,Yoga Mat,Sports,West,3,4297,0.05,12246.449999999999,9573.746510006964,2672.703489993035
10032,2025-01-01,Storage Set,Home & Kitchen,East,2,3186,0.1,5734.8,3694.013020058565,2040.7869799414352
10033,2025-01-01,Wireless Earbuds,Electronics,North,2,4719,0.0,9438.0,6060.025739727333,3377.9742602726674
10034,2025-01-01,Bluetooth Speaker,Electronics,East,2,7530,0.0,15060.0,8994.401724557496,6065.598275442504
10035,2025-01-01,Sneakers,Apparel,West,1,2749,0.15,2336.65,1894.2362243410191,442.41377565898097
10036,2025-01-01,Body Lotion,Beauty,East,1,2182,0.1,1963.8,1555.7611846936152,408.0388153063848
10037,2025-01-01,Sneakers,Apparel,North,4,1286,0.15,4372.4,3331.9523349912633,1040.4476650087363
10038,2025-01-01,Moisturizer,Beauty,East,1,598,0.15,508.3,318.5305984939446,189.76940150605543
10039,2025-01-01,Mixer Grinder,Home & Kitchen,South,3,4991,0.15,12727.05,7604.410061513546,5122.6399384864535
10040,2025-01-01,Smart Watch,Electronics,North,4,3327,0.05,12642.599999999999,9852.255810168695,2790.344189831303
10041,2025-01-01,Face Serum,Beauty,West,4,1454,0.0,5816.0,3615.2525820179676,2200.7474179820324
10042,2025-01-01,Smart Watch,Electronics,South,5,2362,0.1,10629.0,7657.210563045725,2971.7894369542746
10043,2025-01-01,Dumbbell Set,Sports,North,4,1859,0.1,6692.400000000001,4096.752810078543,2595.6471899214575
10044,2025-01-01,Storage Set,Home & Kitchen,East,1,1216,0.15,1033.6,699.6283554084804,333.9716445915195
10045,2025-01-01,Smart Watch,Electronics,East,4,7664,0.15,26057.6,16658.690967525243,9398.909032474756
10046,2025-01-01,Hair Dryer,Beauty,East,4,1492,0.0,5968.0,3774.9879489985933,2193.0120510014067
10047,2025-01-01,Wireless Earbuds,Electronics,West,3,1927,0.0,5781.0,3795.6120697989004,1985.3879302010996
10048,2025-01-01,Jeans,Apparel,West,2,4059,0.05,7712.099999999999,4988.453357349219,2723.6466426507804
10049,2025-01-01,Smart Watch,Electronics,South,2,2584,0.1,4651.2,2729.7323469368544,1921.4676530631455
10050,2025-01-01,Running Shoes,Sports,North,2,3706,0.0,7412.0,4589.331583798974,2822.668416201026
10051,2025-01-01,Body Lotion,Beauty,South,1,535,0.1,481.5,349.32356082076336,132.17643917923664
10052,2025-01-01,Fitness Band,Sports,South,4,2066,0.0,8264.0,4754.900022728135,3509.099977271865
10053,2025-01-01,Moisturizer,Beauty,East,1,1074,0.15,912.9,708.8778463905629,204.02215360943705
10054,2025-01-01,T-Shirt,Apparel,West,2,1537,0.0,3074.0,2136.46767292468,937.5323270753202
10055,2025-01-01,Storage Set,Home & Kitchen,North,4,4251,0.15,14453.4,9733.809797454323,4719.590202545676
10056,2025-02-01,Sneakers,Apparel,West,3,3570,0.0,10710.0,6274.359937499996,4435.640062500004
10057,2025-02-01,Hoodie,Apparel,South,3,1356,0.0,4068.0,2713.5618373291836,1354.4381626708164
10058,2025-02-01,Dumbbell Set,Sports,North,2,1016,0.0,2032.0,1352.5904535311408,679.4095464688592
10059,2025-02-01,Yoga Mat,Sports,South,2,1412,0.0,2824.0,1736.033065610337,1087.966934389663
10060,2025-02-01,Wireless Earbuds,Electronics,West,5,6792,0.15,28866.0,21627.335747281813,7238.664252718187
10061,2025-02-01,Moisturizer,Beauty,North,3,653,0.0,1959.0,1478.2975432079186,480.7024567920814
10062,2025-02-01,Smart Watch,Electronics,West,5,4918,0.0,24590.0,19204.15945542428,5385.84054457572
10063,2025-02-01,Fitness Band,Sports,West,2,3379,0.1,6082.2,3913.908878267087,2168.291121732913
10064,2025-02-01,Air Fryer,Home & Kitchen,East,2,4049,0.0,8098.0,4487.362765163315,3610.637234836685
10065,2025-02-01,Sneakers,Apparel,North,5,1215,0.05,5771.25,4644.994794161742,1126.255205838258
10066,2025-02-01,Sneakers,Apparel,West,3,1551,0.05,4420.349999999999,2894.471171992889,1525.8788280071103
10067,2025-02-01,Face Serum,Beauty,North,3,2136,0.05,6087.599999999999,4696.676222618332,1390.9237773816676
10068,2025-02-01,Hair Dryer,Beauty,West,5,511,0.0,2555.0,1417.8203264257218,1137.1796735742782
10069,2025-02-01,Bluetooth Speaker,Electronics,East,1,5985,0.0,5985.0,4657.0262587610905,1327.9737412389095
10070,2025-02-01,Smart Watch,Electronics,East,1,5774,0.0,5774.0,4261.899306059403,1512.100693940597
10071,2025-02-01,Face Serum,Beauty,West,4,1228,0.1,4420.8,2768.080978374273,1652.7190216257272
10072,2025-02-01,Wireless Earbuds,Electronics,West,3,2922,0.0,8766.0,5701.7998458160755,3064.2001541839245
10073,2025-02-01,Fitness Band,Sports,East,5,4751,0.0,23755.0,17881.224398154493,5873.7756018455075
10074,2025-02-01,Yoga Mat,Sports,South,1,4852,0.05,4609.4,3563.7277219547964,1045.6722780452033
10075,2025-02-01,Coffee Maker,Home & Kitchen,East,1,1595,0.15,1355.75,1055.7613657540508,299.98863424594924
10076,2025-02-01,Storage Set,Home & Kitchen,South,4,6146,0.05,23354.8,13370.314506977424,9984.485493022576
10077,2025-02-01,Power Bank,Electronics,North,4,4738,0.0,18952.0,15265.315323707324,3686.684676292676
10078,2025-02-01,Running Shoes,Sports,North,5,3882,0.15,16498.5,9323.05836626995,7175.44163373005
10079,2025-02-01,Yoga Mat,Sports,East,3,1853,0.05,5281.05,3048.766655359331,2232.2833446406694
10080,2025-02-01,Wireless Earbuds,Electronics,West,2,7312,0.1,13161.6,9748.604978174593,3412.995021825407
10081,2025-02-01,Wireless Earbuds,Electronics,South,3,5519,0.0,16557.0,10763.26494782636,5793.735052173641
10082,2025-02-01,Running Shoes,Sports,East,1,2224,0.1,2001.6000000000001,1304.222720327644,697.377279672356
10083,2025-02-01,Wireless Earbuds,Electronics,West,3,2513,0.15,6408.15,3716.876439484844,2691.2735605151556
10084,2025-02-01,Air Fryer,Home & Kitchen,South,4,4909,0.0,19636.0,11429.739323036763,8206.260676963237
10085,2025-02-01,Wireless Earbuds,Electronics,East,1,8330,0.05,7913.5,6408.246164835387,1505.2538351646126
10086,2025-02-01,Air Fryer,Home & Kitchen,North,1,6229,0.0,6229.0,4774.961398290632,1454.0386017093679
10087,2025-02-01,T-Shirt,Apparel,North,5,779,0.05,3700.25,3027.176356446919,673.0736435530812
10088,2025-02-01,Bluetooth Speaker,Electronics,East,4,5312,0.05,20185.6,14532.373070484651,5653.226929515347
10089,2025-02-01,Running Shoes,Sports,North,5,4537,0.05,21550.75,17096.482868538944,4454.267131461056
10090,2025-02-01,Power Bank,Electronics,South,4,2467,0.0,9868.0,5879.488348743189,3988.511651256811
10091,2025-02-01,Body Lotion,Beauty,South,4,1039,0.0,4156.0,3379.187901578359,776.8120984216412
10092,2025-02-01,Hoodie,Apparel,East,1,1924,0.0,1924.0,1480.9502368373655,443.04976316263446
10093,2025-02-01,Yoga Mat,Sports,North,3,4224,0.15,10771.199999999999,7135.839707052431,3635.3602929475683
10094,2025-02-01,Face Serum,Beauty,South,2,1297,0.1,2334.6,1312.5332269520757,1022.0667730479242
10095,2025-02-01,Wireless Earbuds,Electronics,South,1,3993,0.15,3394.0499999999997,2004.568561297481,1389.4814387025187
10096,2025-02-01,Hair Dryer,Beauty,North,3,1188,0.1,3207.6,2170.0926484267534,1037.5073515732465
10097,2025-02-01,Air Fryer,Home & Kitchen,North,4,3200,0.05,12160.0,9150.10697265981,3009.8930273401893
10098,2025-02-01,Jeans,Apparel,North,5,3424,0.1,15408.0,10046.318741075156,5361.681258924844
10099,2025-02-01,Wireless Earbuds,Electronics,South,1,5946,0.0,5946.0,3602.987412270514,2343.012587729486
10100,2025-02-01,Sneakers,Apparel,West,2,4119,0.0,8238.0,4580.244634308319,3657.7553656916807
10101,2025-02-01,Mixer Grinder,Home & Kitchen,South,3,5162,0.0,15486.0,11930.78836378756,3555.2116362124398
10102,2025-02-01,Hoodie,Apparel,South,3,2548,0.05,7261.799999999999,4935.209406889585,2326.5905931104144
10103,2025-02-01,Air Fryer,Home & Kitchen,North,2,3322,0.0,6644.0,3898.834062625595,2745.165937374405
10104,2025-02-01,Smart Watch,Electronics,South,2,3158,0.0,6316.0,5015.679904894078,1300.3200951059216
10105,2025-02-01,Mixer Grinder,Home & Kitchen,North,4,5837,0.05,22180.6,17363.821009121573,4816.778990878425
10106,2025-02-01,Sneakers,Apparel,South,1,2053,0.1,1847.7,1049.2787383947611,798.4212616052389
10107,2025-02-01,Smart Watch,Electronics,North,2,6100,0.0,12200.0,8619.366884149906,3580.6331158500943
10108,2025-02-01,Coffee Maker,Home & Kitchen,North,3,4645,0.05,13238.25,7924.656903408088,5313.593096591912
10109,2025-02-01,Yoga Mat,Sports,East,3,1566,0.05,4463.099999999999,2662.3568206331984,1800.743179366801
10110,2025-02-01,Bluetooth Speaker,Electronics,North,5,7385,0.0,36925.0,22073.5002756181,14851.499724381902
10111,2025-03-01,Wireless Earbuds,Electronics,North,1,2323,0.0,2323.0,1506.1236995479635,816.8763004520365
10112,2025-03-01,Face Serum,Beauty,East,1,2796,0.05,2656.2,1954.171316698666,702.0286833013338
10113,2025-03-01,Hair Dryer,Beauty,East,5,836,0.0,4180.0,3208.8787643744486,971.1212356255514
10114,2025-03-01,Yoga Mat,Sports,West,2,5023,0.0,10046.0,6779.888414733873,3266.111585266127
10115,2025-03-01,Dumbbell Set,Sports,East,3,2546,0.1,6874.2,5172.123213559826,1702.0767864401741
10116,2025-03-01,Smart Watch,Electronics,South,3,3706,0.0,11118.0,6923.130485257709,4194.869514742291
10117,2025-03-01,Mixer Grinder,Home & Kitchen,East,1,2496,0.0,2496.0,1593.5070155797403,902.4929844202597
10118,2025-03-01,Wireless Earbuds,Electronics,North,4,7968,0.05,30278.399999999998,23104.727456383072,7173.672543616925
10119,2025-03-01,Coffee Maker,Home & Kitchen,West,2,5918,0.1,10652.4,7100.336740569399,3552.0632594306007
10120,2025-03-01,Wireless Earbuds,Electronics,North,4,7201,0.05,27363.8,16855.426336386,10508.373663613998
10121,2025-03-01,Mixer Grinder,Home & Kitchen,North,1,2512,0.0,2512.0,1534.4297167205452,977.5702832794548
10122,2025-03-01,Storage Set,Home & Kitchen,West,3,4717,0.0,14151.0,8445.470631694341,5705.529368305659
10123,2025-03-01,Jeans,Apparel,East,3,3290,0.0,9870.0,8046.4407761997445,1823.5592238002555
10124,2025-03-01,Smart Watch,Electronics,West,4,5970,0.1,21492.0,16561.93849618732,4930.061503812682
10125,2025-03-01,Power Bank,Electronics,South,3,7360,0.1,19872.0,13800.307483583043,6071.692516416957
10126,2025-03-01,Air Fryer,Home & Kitchen,West,5,2341,0.1,10534.5,6361.435546032293,4173.064453967707
10127,2025-03-01,Fitness Band,Sports,East,1,5315,0.0,5315.0,3649.534482573481,1665.465517426519
10128,2025-03-01,T-Shirt,Apparel,East,3,1601,0.0,4803.0,2815.9602972012312,1987.0397027987688
10129,2025-03-01,Power Bank,Electronics,South,5,7087,0.1,31891.5,19732.960559177613,12158.539440822387
10130,2025-03-01,Yoga Mat,Sports,North,3,3858,0.05,10995.3,7270.0598888973345,3725.2401111026647
10131,2025-03-01,Air Fryer,Home & Kitchen,North,4,1435,0.0,5740.0,4602.867416391509,1137.1325836084907
10132,2025-03-01,Hoodie,Apparel,West,3,2270,0.15,5788.5,4311.454641186417,1477.0453588135833
10133,2025-03-01,Wireless Earbuds,Electronics,West,3,2672,0.1,7214.400000000001,5525.328782872553,1689.0712171274472
10134,2025-03-01,T-Shirt,Apparel,North,3,4150,0.05,11827.5,9404.32739767226,2423.1726023277406
10135,2025-03-01,Mixer Grinder,Home & Kitchen,North,2,3543,0.05,6731.7,4999.776724864391,1731.9232751356085
10136,2025-03-01,T-Shirt,Apparel,South,1,1746,0.0,1746.0,1232.5385778305658,513.4614221694342
10137,2025-03-01,Coffee Maker,Home & Kitchen,East,2,3197,0.0,6394.0,3912.08485438475,2481.91514561525
10138,2025-03-01,Moisturizer,Beauty,South,3,1702,0.0,5106.0,3000.3032648151993,2105.6967351848007
10139,2025-03-01,Yoga Mat,Sports,North,4,1377,0.1,4957.2,3781.9532057802053,1175.2467942197945
10140,2025-03-01,Wireless Earbuds,Electronics,North,5,2750,0.0,13750.0,8321.871802141633,5428.128197858367
10141,2025-03-01,Yoga Mat,Sports,East,2,3812,0.0,7624.0,5297.536132404009,2326.4638675959914
10142,2025-03-01,Air Fryer,Home & Kitchen,West,4,4428,0.05,16826.399999999998,11464.10429446374,5362.2957055362585
10143,2025-03-01,Air Fryer,Home & Kitchen,South,3,1294,0.05,3687.8999999999996,2591.4403232049463,1096.4596767950534
10144,2025-03-01,Running Shoes,Sports,North,4,5006,0.15,17020.399999999998,10935.292964058053,6085.107035941945
10145,2025-03-01,Bluetooth Speaker,Electronics,East,2,4149,0.05,7883.099999999999,6276.525405520492,1606.5745944795071
10146,2025-03-01,Smart Watch,Electronics,North,1,3439,0.1,3095.1,2481.2548099510577,613.8451900489422
10147,2025-03-01,Body Lotion,Beauty,North,5,2363,0.05,11224.25,8510.63716316582,2713.6128368341797
10148,2025-03-01,Air Fryer,Home & Kitchen,South,3,4733,0.15,12069.15,9654.15530873818,2414.9946912618198
10149,2025-03-01,Mixer Grinder,Home & Kitchen,North,5,4617,0.1,20776.5,12126.389632925311,8650.110367074689
10150,2025-03-01,Jeans,Apparel,South,3,1635,0.05,4659.75,3040.0793265740567,1619.6706734259433
10151,2025-03-01,Dumbbell Set,Sports,West,1,5112,0.05,4856.4,2820.8504833174193,2035.5495166825804
10152,2025-03-01,Mixer Grinder,Home & Kitchen,East,2,4481,0.05,8513.9,6793.945554318393,1719.9544456816066
10153,2025-03-01,Hair Dryer,Beauty,West,3,1702,0.0,5106.0,3604.6349645496884,1501.3650354503116
10154,2025-03-01,Wireless Earbuds,Electronics,West,1,8120,0.1,7308.0,4567.123905545463,2740.8760944545375
10155,2025-03-01,Smart Watch,Electronics,North,1,2766,0.15,2351.1,1584.4698326262358,766.6301673737642
10156,2025-03-01,Moisturizer,Beauty,West,5,1883,0.05,8944.25,6357.161059114496,2587.0889408855037
10157,2025-03-01,Bluetooth Speaker,Electronics,East,3,2751,0.1,7427.7,4496.6382410542155,2931.0617589457843
10158,2025-03-01,Wireless Earbuds,Electronics,North,3,3865,0.0,11595.0,8612.719433822025,2982.280566177975
10159,2025-03-01,Moisturizer,Beauty,West,1,2661,0.05,2527.95,1912.7637508947787,615.1862491052211
10160,2025-03-01,Power Bank,Electronics,North,3,6695,0.0,20085.0,15913.470240927318,4171.529759072682
10161,2025-03-01,Face Serum,Beauty,East,4,2323,0.1,8362.800000000001,6087.3612681796785,2275.4387318203226
10162,2025-03-01,Bluetooth Speaker,Electronics,East,3,7686,0.0,23058.0,13330.044634518084,9727.955365481916
10163,2025-03-01,Running Shoes,Sports,East,1,4575,0.0,4575.0,2639.0849804059817,1935.9150195940183
10164,2025-03-01,Smart Watch,Electronics,West,3,5783,0.0,17349.0,12671.414439278318,4677.585560721682
10165,2025-03-01,Bluetooth Speaker,Electronics,East,2,7950,0.05,15105.0,11309.026579227917,3795.973420772083
10166,2025-04-01,Sneakers,Apparel,North,3,2271,0.05,6472.349999999999,4789.962657296207,1682.3873427037925
10167,2025-04-01,T-Shirt,Apparel,West,3,1445,0.1,3901.5,2528.2733894223693,1373.2266105776307
10168,2025-04-01,Power Bank,Electronics,North,5,6829,0.1,30730.5,19911.662500148595,10818.837499851405
10169,2025-04-01,Jeans,Apparel,West,2,3601,0.1,6481.8,3764.916194822324,2716.883805177676
10170,2025-04-01,Hair Dryer,Beauty,South,1,1020,0.05,969.0,698.6869066531149,270.3130933468851
10171,2025-04-01,Smart Watch,Electronics,South,3,4341,0.15,11069.55,7659.424014527348,3410.1259854726513
10172,2025-04-01,Bluetooth Speaker,Electronics,North,3,3975,0.0,11925.0,8414.988922037017,3510.011077962983
10173,2025-04-01,Wireless Earbuds,Electronics,North,1,7297,0.1,6567.3,3800.997313480992,2766.302686519008
10174,2025-04-01,Bluetooth Speaker,Electronics,North,3,6063,0.0,18189.0,13113.113582090324,5075.886417909676
10175,2025-04-01,Mixer Grinder,Home & Kitchen,North,1,4169,0.0,4169.0,3160.7109733648545,1008.2890266351455
10176,2025-04-01,Mixer Grinder,Home & Kitchen,West,3,4976,0.0,14928.0,10641.440766330845,4286.559233669155
10177,2025-04-01,Wireless Earbuds,Electronics,East,3,2936,0.1,7927.2,5666.435966602479,2260.7640333975205
10178,2025-04-01,Jeans,Apparel,East,5,4083,0.0,20415.0,11400.132999614556,9014.867000385444
10179,2025-04-01,Bluetooth Speaker,Electronics,West,3,5720,0.05,16302.0,11593.127673221645,4708.872326778355
10180,2025-04-01,Mixer Grinder,Home & Kitchen,South,5,3320,0.0,16600.0,12393.74200530455,4206.25799469545
10181,2025-04-01,Coffee Maker,Home & Kitchen,West,2,5320,0.0,10640.0,8205.11713821444,2434.8828617855597
10182,2025-04-01,Fitness Band,Sports,East,2,3222,0.0,6444.0,4949.031746530946,1494.9682534690537
10183,2025-04-01,T-Shirt,Apparel,South,1,2220,0.0,2220.0,1545.815427858588,674.184572141412
10184,2025-04-01,Sneakers,Apparel,East,5,3852,0.05,18297.0,13483.32776126545,4813.672238734551
10185,2025-04-01,T-Shirt,Apparel,South,1,1991,0.0,1991.0,1625.9906910587576,365.00930894124235
10186,2025-04-01,Jeans,Apparel,West,2,1739,0.15,2956.2999999999997,1770.1004210559827,1186.199578944017
10187,2025-04-01,Moisturizer,Beauty,East,5,636,0.0,3180.0,1847.9811434429184,1332.0188565570816
10188,2025-04-01,Air Fryer,Home & Kitchen,South,4,2134,0.05,8109.2,5603.922145354607,2505.277854645393
10189,2025-04-01,Moisturizer,Beauty,East,3,2735,0.05,7794.75,6149.664553667658,1645.0854463323421
10190,2025-04-01,Moisturizer,Beauty,East,4,538,0.0,2152.0,1497.0660205217662,654.9339794782338
10191,2025-04-01,Yoga Mat,Sports,North,2,5011,0.0,10022.0,7884.303912573116,2137.6960874268843
10192,2025-04-01,Coffee Maker,Home & Kitchen,South,2,3661,0.0,7322.0,4393.768813858605,2928.2311861413946
10193,2025-04-01,Storage Set,Home & Kitchen,East,3,2013,0.0,6039.0,4572.37352075087,1466.6264792491302
10194,2025-04-01,Air Fryer,Home & Kitchen,West,1,1471,0.1,1323.9,1079.9085883156956,243.99141168430447
10195,2025-04-01,Yoga Mat,Sports,East,4,5384,0.1,19382.4,10677.832342468699,8704.567657531303
10196,2025-04-01,Storage Set,Home & Kitchen,South,2,1345,0.0,2690.0,1510.0722836328898,1179.9277163671102
10197,2025-04-01,Smart Watch,Electronics,East,1,6294,0.0,6294.0,4616.678999262948,1677.3210007370517
10198,2025-04-01,Smart Watch,Electronics,North,5,5868,0.0,29340.0,19444.991389613046,9895.008610386954
10199,2025-04-01,Hoodie,Apparel,West,3,1785,0.05,5087.25,3027.4182294093657,2059.8317705906343
10200,2025-04-01,Jeans,Apparel,West,4,2033,0.05,7725.4,5318.365432211872,2407.034567788128
10201,2025-04-01,Smart Watch,Electronics,North,2,2736,0.0,5472.0,4161.389284626464,1310.6107153735356
10202,2025-04-01,Air Fryer,Home & Kitchen,South,1,4370,0.05,4151.5,2871.8354344717786,1279.6645655282214
10203,2025-04-01,Bluetooth Speaker,Electronics,South,2,3909,0.15,6645.3,5265.122757345089,1380.1772426549114
10204,2025-04-01,Air Fryer,Home & Kitchen,West,5,3230,0.0,16150.0,12784.804944473995,3365.1950555260046
10205,2025-04-01,Jeans,Apparel,North,3,3382,0.0,10146.0,8014.954264954673,2131.045735045327
10206,2025-04-01,Sneakers,Apparel,South,1,2186,0.05,2076.7,1451.05568541688,625.6443145831199
10207,2025-04-01,Power Bank,Electronics,West,3,5772,0.0,17316.0,12013.887211004772,5302.112788995228
10208,2025-04-01,Sneakers,Apparel,North,4,1672,0.1,6019.2,4115.264213358679,1903.935786641321
10209,2025-04-01,Air Fryer,Home & Kitchen,East,2,2791,0.05,5302.9,3695.16839622924,1607.7316037707596
10210,2025-04-01,T-Shirt,Apparel,South,3,3083,0.05,8786.55,6850.495800778712,1936.0541992212875
10211,2025-04-01,T-Shirt,Apparel,North,3,3304,0.05,9416.4,6908.228942064997,2508.171057935003
10212,2025-04-01,Moisturizer,Beauty,West,5,1056,0.1,4752.0,2651.125434024661,2100.874565975339
10213,2025-04-01,Hoodie,Apparel,West,3,2274,0.0,6822.0,5258.746180405866,1563.2538195941343
10214,2025-04-01,T-Shirt,Apparel,West,2,1947,0.0,3894.0,2484.905733664032,1409.0942663359679
10215,2025-04-01,Body Lotion,Beauty,East,2,1199,0.0,2398.0,1848.9621775968274,549.0378224031726
10216,2025-04-01,Bluetooth Speaker,Electronics,South,2,7152,0.15,12158.4,7809.407006762485,4348.992993237514
10217,2025-04-01,Moisturizer,Beauty,North,5,777,0.15,3302.25,2429.561569146322,872.6884308536778
10218,2025-04-01,Bluetooth Speaker,Electronics,West,1,8467,0.0,8467.0,5987.744067304377,2479.2559326956234
10219,2025-04-01,Mixer Grinder,Home & Kitchen,West,3,3553,0.15,9060.15,6636.868911646654,2423.2810883533457
10220,2025-04-01,Coffee Maker,Home & Kitchen,East,4,3628,0.0,14512.0,8238.738984715681,6273.261015284319
10221,2025-05-01,Jeans,Apparel,East,3,3206,0.05,9137.1,6125.454556977446,3011.645443022554
10222,2025-05-01,Wireless Earbuds,Electronics,West,1,8340,0.1,7506.0,5196.377573864885,2309.6224261351153
10223,2025-05-01,Jeans,Apparel,West,2,2410,0.05,4579.0,3327.6418495521957,1251.3581504478043
10224,2025-05-01,Wireless Earbuds,Electronics,South,4,5311,0.0,21244.0,17096.667684170927,4147.332315829073
10225,2025-05-01,Coffee Maker,Home & Kitchen,West,3,5865,0.1,15835.5,9692.71546362884,6142.78453637116
10226,2025-05-01,Power Bank,Electronics,North,1,2591,0.0,2591.0,2029.7291008403147,561.2708991596853
10227,2025-05-01,Storage Set,Home & Kitchen,West,1,4876,0.1,4388.400000000001,3327.0606242197086,1061.339375780292
10228,2025-05-01,Sneakers,Apparel,East,3,1048,0.0,3144.0,1756.8108232465343,1387.1891767534657
10229,2025-05-01,Jeans,Apparel,West,1,3481,0.0,3481.0,2032.2083705174114,1448.7916294825886
10230,2025-05-01,Fitness Band,Sports,North,1,1016,0.05,965.1999999999999,643.7658357690093,321.43416423099063
10231,2025-05-01,T-Shirt,Apparel,West,5,973,0.05,4621.75,3035.552332684006,1586.1976673159938
10232,2025-05-01,Hoodie,Apparel,West,3,2024,0.1,5464.8,4411.2692548315745,1053.5307451684257
10233,2025-05-01,Jeans,Apparel,South,3,1811,0.0,5433.0,3138.9372060743367,2294.0627939256633
10234,2025-05-01,Hair Dryer,Beauty,West,4,1213,0.1,4366.8,3511.4929020401364,855.3070979598638
10235,2025-05-01,Wireless Earbuds,Electronics,North,1,5844,0.0,5844.0,4515.184224317576,1328.815775682424
10236,2025-05-01,Coffee Maker,Home & Kitchen,South,2,2909,0.05,5527.099999999999,4265.754962901499,1261.3450370985001
10237,2025-05-01,Power Bank,Electronics,North,3,2116,0.1,5713.2,3190.9836499068215,2522.2163500931783
10238,2025-05-01,Jeans,Apparel,East,1,4141,0.15,3519.85,2836.2410119908022,683.6089880091977
10239,2025-05-01,Body Lotion,Beauty,South,3,2554,0.05,7278.9,5090.210413783333,2188.6895862166666
10240,2025-05-01,Moisturizer,Beauty,South,3,1308,0.0,3924.0,2622.895573726336,1301.104426273664
10241,2025-05-01,Fitness Band,Sports,East,4,3856,0.05,14652.8,10495.073068761129,4157.726931238871
10242,2025-05-01,Mixer Grinder,Home & Kitchen,West,5,3127,0.1,14071.5,9386.913878577177,4684.5861214228225
10243,2025-05-01,Power Bank,Electronics,South,2,2461,0.0,4922.0,3428.0215581528964,1493.9784418471036
10244,2025-05-01,Storage Set,Home & Kitchen,South,3,5330,0.0,15990.0,10600.857407614856,5389.142592385144
10245,2025-05-01,Bluetooth Speaker,Electronics,West,1,7644,0.1,6879.6,5163.351421476795,1716.2485785232057
10246,2025-05-01,Storage Set,Home & Kitchen,West,4,4653,0.15,15820.199999999999,8872.434566095613,6947.765433904386
10247,2025-05-01,Sneakers,Apparel,North,4,1973,0.1,7102.8,4839.852282430873,2262.9477175691272
10248,2025-05-01,Hoodie,Apparel,West,2,1454,0.05,2762.6,2199.963644222181,562.6363557778191
10249,2025-05-01,Wireless Earbuds,Electronics,South,5,4758,0.0,23790.0,18068.982129850672,5721.017870149328
10250,2025-05-01,Mixer Grinder,Home & Kitchen,East,2,2139,0.0,4278.0,2945.0013189250176,1332.9986810749824
10251,2025-05-01,Mixer Grinder,Home & Kitchen,North,1,3565,0.0,3565.0,2350.602770154763,1214.3972298452368
10252,2025-05-01,Hair Dryer,Beauty,North,4,629,0.0,2516.0,1826.8003631537372,689.1996368462628
10253,2025-05-01,Storage Set,Home & Kitchen,South,3,2452,0.0,7356.0,5214.4580993304435,2141.5419006695565
10254,2025-05-01,Body Lotion,Beauty,North,3,1129,0.0,3387.0,2338.1780782149926,1048.8219217850074
10255,2025-05-01,Mixer Grinder,Home & Kitchen,North,1,3560,0.0,3560.0,2119.115590696331,1440.8844093036691
10256,2025-05-01,Wireless Earbuds,Electronics,East,5,4012,0.1,18054.0,13368.158509347466,4685.841490652534
10257,2025-05-01,Coffee Maker,Home & Kitchen,East,4,2474,0.0,9896.0,6163.549382004475,3732.450617995525
10258,2025-05-01,Bluetooth Speaker,Electronics,North,4,2081,0.0,8324.0,4852.639589539255,3471.360410460745
10259,2025-05-01,Air Fryer,Home & Kitchen,East,5,6480,0.05,30780.0,17274.49540242419,13505.504597575811
10260,2025-05-01,Wireless Earbuds,Electronics,South,3,1925,0.15,4908.75,3546.878098582996,1361.8719014170042
10261,2025-05-01,Jeans,Apparel,West,3,3949,0.0,11847.0,8218.336723308794,3628.663276691206
10262,2025-05-01,Smart Watch,Electronics,North,4,7255,0.15,24667.0,18448.022757055987,6218.977242944013
10263,2025-05-01,Wireless Earbuds,Electronics,North,5,7277,0.1,32746.5,19576.854606637484,13169.645393362516
10264,2025-05-01,Running Shoes,Sports,East,2,3374,0.05,6410.599999999999,4386.370906381154,2024.2290936188456
10265,2025-05-01,Body Lotion,Beauty,East,1,1087,0.0,1087.0,831.3243389891774,255.67566101082264
10266,2025-05-01,T-Shirt,Apparel,East,5,2027,0.05,9628.25,5572.639672896987,4055.6103271030133
10267,2025-05-01,Moisturizer,Beauty,West,1,1612,0.1,1450.8,1104.4129122733705,346.3870877266295
10268,2025-05-01,Face Serum,Beauty,East,4,993,0.15,3376.2,2256.336518508161,1119.8634814918387
10269,2025-05-01,T-Shirt,Apparel,North,3,2088,0.1,5637.6,3283.656454050483,2353.9435459495176
10270,2025-05-01,Face Serum,Beauty,North,1,1210,0.05,1149.5,750.2939615042123,399.20603849578765
10271,2025-05-01,Face Serum,Beauty,North,1,2463,0.0,2463.0,1745.0519062383423,717.9480937616577
10272,2025-05-01,Smart Watch,Electronics,South,2,4789,0.05,9099.1,6336.960730484627,2762.1392695153736
10273,2025-05-01,Hoodie,Apparel,South,4,3376,0.1,12153.6,7041.892489056479,5111.707510943522
10274,2025-05-01,Power Bank,Electronics,North,4,7659,0.05,29104.199999999997,22017.86516355509,7086.334836444908
10275,2025-05-01,Dumbbell Set,Sports,West,3,1904,0.1,5140.8,3425.483476848255,1715.316523151745
10276,2025-06-01,T-Shirt,Apparel,West,1,2527,0.15,2147.95,1216.324362062565,931.6256379374349
10277,2025-06-01,Hoodie,Apparel,East,2,2057,0.05,3908.2999999999997,2420.5261620979563,1487.7738379020434
10278,2025-06-01,Coffee Maker,Home & Kitchen,North,4,1305,0.05,4959.0,3686.325622237661,1272.6743777623392
10279,2025-06-01,Power Bank,Electronics,South,1,6245,0.0,6245.0,4583.216869463055,1661.7831305369446
10280,2025-06-01,Wireless Earbuds,Electronics,East,1,2244,0.0,2244.0,1817.618135168945,426.38186483105505
10281,2025-06-01,Coffee Maker,Home & Kitchen,South,1,6491,0.0,6491.0,4679.6921063248155,1811.3078936751845
10282,2025-06-01,Jeans,Apparel,South,5,3473,0.05,16496.75,12608.64484321649,3888.1051567835093
10283,2025-06-01,Body Lotion,Beauty,South,1,2160,0.15,1836.0,1391.4769868087621,444.52301319123785
10284,2025-06-01,Hair Dryer,Beauty,North,4,549,0.1,1976.4,1541.2304184703423,435.16958152965776
10285,2025-06-01,Face Serum,Beauty,South,3,1962,0.05,5591.7,3329.095962270677,2262.604037729323
10286,2025-06-01,Dumbbell Set,Sports,North,5,1561,0.0,7805.0,5645.608641459116,2159.3913585408836
10287,2025-06-01,Body Lotion,Beauty,East,2,1468,0.0,2936.0,2086.053280428783,849.9467195712168
10288,2025-06-01,Mixer Grinder,Home & Kitchen,West,3,5558,0.05,15840.3,10441.388257248653,5398.9117427513465
10289,2025-06-01,Coffee Maker,Home & Kitchen,North,1,6294,0.0,6294.0,4852.994398727282,1441.0056012727182
10290,2025-06-01,Moisturizer,Beauty,South,5,1505,0.0,7525.0,5449.817627392875,2075.182372607125
10291,2025-06-01,Face Serum,Beauty,West,1,2414,0.0,2414.0,1729.9497965016149,684.0502034983851
10292,2025-06-01,Storage Set,Home & Kitchen,South,4,3764,0.0,15056.0,10883.160650048354,4172.839349951646
10293,2025-06-01,Power Bank,Electronics,South,3,4861,0.0,14583.0,9819.489796938411,4763.510203061589
10294,2025-06-01,Smart Watch,Electronics,East,4,4617,0.0,18468.0,15121.224099628078,3346.775900371922
10295,2025-06-01,Storage Set,Home & Kitchen,West,4,4819,0.15,16384.6,11820.492918007527,4564.107081992472
10296,2025-06-01,Running Shoes,Sports,West,2,3393,0.0,6786.0,5238.030202644449,1547.9697973555512
10297,2025-06-01,Power Bank,Electronics,West,4,4362,0.15,14830.8,9096.521042647102,5734.278957352897
10298,2025-06-01,Storage Set,Home & Kitchen,South,5,5143,0.1,23143.5,14251.473686220506,8892.026313779494
10299,2025-06-01,Body Lotion,Beauty,South,2,955,0.1,1719.0,1004.7256591596216,714.2743408403784
10300,2025-06-01,Hoodie,Apparel,West,2,3256,0.0,6512.0,4114.572400557315,2397.4275994426853
10301,2025-06-01,Smart Watch,Electronics,North,5,4617,0.15,19622.25,13726.285924810976,5895.964075189024
10302,2025-06-01,Storage Set,Home & Kitchen,South,2,4467,0.1,8040.6,4773.513955805399,3267.0860441946015
10303,2025-06-01,Running Shoes,Sports,South,4,1143,0.0,4572.0,3663.363956765036,908.6360432349638
10304,2025-06-01,Smart Watch,Electronics,North,3,5029,0.1,13578.300000000001,10650.483221927218,2927.8167780727836
10305,2025-06-01,Fitness Band,Sports,East,4,972,0.0,3888.0,2162.4330217069323,1725.5669782930677
10306,2025-06-01,Bluetooth Speaker,Electronics,South,4,7897,0.05,30008.6,23168.732365307078,6839.867634692921
10307,2025-06-01,Smart Watch,Electronics,North,4,1894,0.05,7197.2,5136.557383766961,2060.642616233039
10308,2025-06-01,Yoga Mat,Sports,West,3,3430,0.0,10290.0,6066.170862424377,4223.829137575623
10309,2025-06-01,Storage Set,Home & Kitchen,North,2,2163,0.0,4326.0,3504.2377126383867,821.7622873616133
10310,2025-06-01,Body Lotion,Beauty,West,4,1042,0.05,3959.6,2647.6584302239353,1311.9415697760646
10311,2025-06-01,Smart Watch,Electronics,West,5,5938,0.05,28205.5,20464.62166614175,7740.878333858251
10312,2025-06-01,Bluetooth Speaker,Electronics,North,3,3753,0.05,10696.05,6050.800673527413,4645.249326472586
10313,2025-06-01,T-Shirt,Apparel,East,1,1682,0.0,1682.0,989.7011282956033,692.2988717043967
10314,2025-06-01,Smart Watch,Electronics,South,3,8206,0.05,23387.1,13256.24761825285,10130.852381747149
10315,2025-06-01,Hair Dryer,Beauty,West,1,2648,0.05,2515.6,1591.591134281716,924.0088657182839
10316,2025-06-01,Body Lotion,Beauty,South,2,2008,0.1,3614.4,2426.859441368943,1187.5405586310571
10317,2025-06-01,Bluetooth Speaker,Electronics,East,4,4829,0.1,17384.4,13004.850376106544,4379.5496238934575
10318,2025-06-01,Dumbbell Set,Sports,East,2,3193,0.1,5747.400000000001,4064.446458676102,1682.9535413238987
10319,2025-06-01,Fitness Band,Sports,East,5,3984,0.0,19920.0,12253.277919553373,7666.722080446627
10320,2025-06-01,Hoodie,Apparel,North,5,1371,0.05,6512.25,3774.6874811561447,2737.5625188438553
10321,2025-06-01,Hair Dryer,Beauty,North,4,2291,0.0,9164.0,6248.245280510245,2915.754719489755
10322,2025-06-01,Power Bank,Electronics,West,4,2393,0.05,9093.4,5924.257683679025,3169.1423163209747
10323,2025-06-01,Mixer Grinder,Home & Kitchen,South,5,3644,0.0,18220.0,10523.514396197294,7696.4856038027065
10324,2025-06-01,Face Serum,Beauty,North,2,1071,0.0,2142.0,1339.6695236770038,802.3304763229962
10325,2025-06-01,Sneakers,Apparel,West,5,4055,0.05,19261.25,14022.682298203255,5238.567701796745
10326,2025-06-01,Sneakers,Apparel,North,1,3703,0.05,3517.85,2772.9946845042923,744.8553154957076
10327,2025-06-01,Power Bank,Electronics,North,5,2831,0.0,14155.0,8109.312366524653,6045.687633475347
10328,2025-06-01,Yoga Mat,Sports,East,3,3611,0.0,10833.0,7445.6986494981165,3387.3013505018835
10329,2025-06-01,Coffee Maker,Home & Kitchen,South,4,2874,0.15,9771.6,7860.520846667255,1911.0791533327456
10330,2025-06-01,Running Shoes,Sports,East,2,1672,0.05,3176.7999999999997,2402.869949803423,773.9300501965768
10331,2025-07-01,Smart Watch,Electronics,East,4,3046,0.1,10965.6,6705.655779728897,4259.944220271103
10332,2025-07-01,Jeans,Apparel,South,3,2527,0.05,7201.95,5467.368414245365,1734.581585754635
10333,2025-07-01,Moisturizer,Beauty,East,2,2301,0.1,4141.8,2605.448784134175,1536.351215865825
10334,2025-07-01,Hoodie,Apparel,North,5,2907,0.1,13081.5,10061.999950383306,3019.500049616694
10335,2025-07-01,Hair Dryer,Beauty,South,1,1435,0.05,1363.25,784.7591686358401,578.4908313641599
10336,2025-07-01,Mixer Grinder,Home & Kitchen,West,2,4897,0.15,8324.9,5119.7055443182935,3205.194455681706
10337,2025-07-01,Power Bank,Electronics,East,1,5788,0.0,5788.0,4458.529238342596,1329.4707616574042
10338,2025-07-01,T-Shirt,Apparel,West,1,3690,0.0,3690.0,2781.7482736099173,908.2517263900827
10339,2025-07-01,Storage Set,Home & Kitchen,South,4,2959,0.0,11836.0,8251.553425257323,3584.4465747426766
10340,2025-07-01,Hoodie,Apparel,West,5,1469,0.0,7345.0,5479.477058487338,1865.5229415126623
10341,2025-07-01,Running Shoes,Sports,East,3,5083,0.0,15249.0,10089.080607531929,5159.919392468071
10342,2025-07-01,Yoga Mat,Sports,West,3,1602,0.0,4806.0,2839.979447959597,1966.020552040403
10343,2025-07-01,Power Bank,Electronics,East,1,5100,0.0,5100.0,3440.5646422760506,1659.4353577239494
10344,2025-07-01,Wireless Earbuds,Electronics,West,5,2314,0.15,9834.5,5672.324095505429,4162.175904494571
10345,2025-07-01,Mixer Grinder,Home & Kitchen,South,3,3720,0.05,10602.0,7929.545907736785,2672.454092263215
10346,2025-07-01,Hair Dryer,Beauty,South,1,2659,0.1,2393.1,1674.3112571617187,718.7887428382812
10347,2025-07-01,Smart Watch,Electronics,South,4,4056,0.0,16224.0,12206.569003806275,4017.430996193725
10348,2025-07-01,Fitness Band,Sports,East,3,4795,0.05,13665.75,7976.3265032739455,5689.4234967260545
10349,2025-07-01,Storage Set,Home & Kitchen,West,2,2213,0.05,4204.7,2757.0719878446457,1447.628012155354
10350,2025-07-01,Storage Set,Home & Kitchen,East,5,3285,0.0,16425.0,9837.855676649635,6587.144323350365
10351,2025-07-01,Air Fryer,Home & Kitchen,East,4,4492,0.05,17069.6,9687.176727424348,7382.42327257565
10352,2025-07-01,Hair Dryer,Beauty,West,4,661,0.05,2511.7999999999997,1789.8567457573758,721.9432542426239
10353,2025-07-01,Bluetooth Speaker,Electronics,North,3,6301,0.05,17957.85,13493.525012995551,4464.324987004447
10354,2025-07-01,T-Shirt,Apparel,East,4,2766,0.0,11064.0,6525.681983979148,4538.318016020852
10355,2025-07-01,Coffee Maker,Home & Kitchen,North,2,2030,0.0,4060.0,2888.7745673526706,1171.2254326473294
10356,2025-07-01,Running Shoes,Sports,North,4,2736,0.0,10944.0,7903.093390117792,3040.9066098822077
10357,2025-07-01,Coffee Maker,Home & Kitchen,East,4,1274,0.1,4586.400000000001,3699.318890711034,887.0811092889667
10358,2025-07-01,Power Bank,Electronics,North,2,3897,0.0,7794.0,5760.296218415861,2033.7037815841386
10359,2025-07-01,Moisturizer,Beauty,North,1,2400,0.1,2160.0,1220.7385755123337,939.2614244876663
10360,2025-07-01,Hoodie,Apparel,East,5,2072,0.05,9842.0,6691.0307520411625,3150.9692479588375
10361,2025-07-01,Storage Set,Home & Kitchen,North,4,2825,0.0,11300.0,8435.942825576958,2864.057174423042
10362,2025-07-01,Air Fryer,Home & Kitchen,West,1,3859,0.1,3473.1,2059.2190684257566,1413.8809315742433
10363,2025-07-01,Body Lotion,Beauty,North,4,2187,0.05,8310.6,4600.903644151333,3709.6963558486677
10364,2025-07-01,Mixer Grinder,Home & Kitchen,South,4,6198,0.0,24792.0,19701.923161274935,5090.076838725065
10365,2025-07-01,Power Bank,Electronics,West,2,2004,0.0,4008.0,2373.6301334532354,1634.3698665467646
10366,2025-07-01,Jeans,Apparel,West,2,2997,0.05,5694.3,3663.7041971364024,2030.5958028635978
10367,2025-07-01,Coffee Maker,Home & Kitchen,East,2,1871,0.05,3554.8999999999996,2879.883136030152,675.0168639698477
10368,2025-07-01,Hair Dryer,Beauty,North,2,1395,0.05,2650.5,1811.643004394364,838.856995605636
10369,2025-07-01,T-Shirt,Apparel,East,2,3731,0.0,7462.0,4726.047706223712,2735.9522937762877
10370,2025-07-01,Sneakers,Apparel,North,5,1124,0.0,5620.0,4183.540199384807,1436.4598006151928
10371,2025-07-01,Air Fryer,Home & Kitchen,East,1,5888,0.15,5004.8,3059.937542119498,1944.862457880502
10372,2025-07-01,Coffee Maker,Home & Kitchen,North,1,5824,0.05,5532.8,3380.8711298999424,2151.928870100058
10373,2025-07-01,Hoodie,Apparel,North,5,2237,0.05,10625.75,6464.115745892122,4161.634254107878
10374,2025-07-01,Power Bank,Electronics,West,3,6532,0.1,17636.4,11083.747978737578,6552.652021262424
10375,2025-07-01,Dumbbell Set,Sports,West,3,1510,0.0,4530.0,3453.1968656666104,1076.8031343333896
10376,2025-07-01,Bluetooth Speaker,Electronics,North,4,2977,0.0,11908.0,8982.47717102987,2925.52282897013
10377,2025-07-01,Body Lotion,Beauty,West,5,2626,0.1,11817.0,9277.00881716754,2539.9911828324603
10378,2025-07-01,Wireless Earbuds,Electronics,West,2,5667,0.1,10200.6,5685.153479177431,4515.446520822569
10379,2025-07-01,Smart Watch,Electronics,East,4,3377,0.05,12832.599999999999,7423.375486557133,5409.224513442866
10380,2025-07-01,Face Serum,Beauty,East,2,1950,0.1,3510.0,2844.534524901799,665.4654750982008
10381,2025-07-01,Smart Watch,Electronics,West,4,2275,0.1,8190.0,5115.795510387064,3074.2044896129364
10382,2025-07-01,Air Fryer,Home & Kitchen,East,2,5763,0.05,10949.699999999999,6513.201998835595,4436.498001164404
10383,2025-07-01,Face Serum,Beauty,East,3,2149,0.0,6447.0,4428.468785987535,2018.5312140124652
10384,2025-07-01,Hair Dryer,Beauty,West,5,2415,0.1,10867.5,6896.01275424274,3971.48724575726
10385,2025-07-01,Dumbbell Set,Sports,South,3,3491,0.0,10473.0,7851.892857341603,2621.1071426583967
10386,2025-08-01,Air Fryer,Home & Kitchen,East,5,3110,0.0,15550.0,11597.191523393001,3952.8084766069987
10387,2025-08-01,Storage Set,Home & Kitchen,South,2,2794,0.0,5588.0,3092.4217218386266,2495.5782781613734
10388,2025-08-01,Face Serum,Beauty,West,1,2439,0.1,2195.1,1254.3674563664767,940.7325436335232
10389,2025-08-01,Yoga Mat,Sports,West,5,1164,0.1,5238.0,3645.722975925856,1592.2770240741438
10390,2025-08-01,Fitness Band,Sports,North,3,3890,0.05,11086.5,7037.670450995469,4048.829549004531
10391,2025-08-01,Smart Watch,Electronics,East,4,6371,0.05,24209.8,14912.55369658209,9297.246303417909
10392,2025-08-01,Smart Watch,Electronics,South,1,2780,0.0,2780.0,2208.5631216329693,571.4368783670307
10393,2025-08-01,Dumbbell Set,Sports,South,3,3226,0.05,9194.1,5931.493034088432,3262.6069659115683
10394,2025-08-01,Jeans,Apparel,South,3,1630,0.0,4890.0,3665.59083883805,1224.4091611619501
10395,2025-08-01,Bluetooth Speaker,Electronics,West,4,2870,0.0,11480.0,8966.443207704375,2513.556792295625
10396,2025-08-01,Power Bank,Electronics,East,3,8459,0.1,22839.3,13890.703859717183,8948.596140282816
10397,2025-08-01,Air Fryer,Home & Kitchen,East,1,4900,0.0,4900.0,3699.486073839495,1200.513926160505
10398,2025-08-01,T-Shirt,Apparel,East,1,2487,0.05,2362.65,1465.4985208876458,897.1514791123543
10399,2025-08-01,Jeans,Apparel,East,3,2077,0.0,6231.0,4201.542944721985,2029.457055278015
10400,2025-08-01,Sneakers,Apparel,South,3,2382,0.15,6074.099999999999,3522.337548099311,2551.7624519006886
10401,2025-08-01,Air Fryer,Home & Kitchen,West,2,2950,0.0,5900.0,4372.347503844676,1527.6524961553241
10402,2025-08-01,Jeans,Apparel,South,3,3031,0.0,9093.0,7364.955335756012,1728.0446642439883
10403,2025-08-01,Running Shoes,Sports,West,1,2431,0.05,2309.45,1550.6972835446013,758.7527164553985
10404,2025-08-01,Wireless Earbuds,Electronics,North,4,4312,0.0,17248.0,9544.165100782006,7703.8348992179945
10405,2025-08-01,Air Fryer,Home & Kitchen,South,3,6116,0.0,18348.0,11577.187281641143,6770.812718358857
10406,2025-08-01,Fitness Band,Sports,East,4,1887,0.1,6793.2,4961.123309005278,1832.0766909947215
10407,2025-08-01,Face Serum,Beauty,West,5,1585,0.1,7132.5,3989.6421329051936,3142.8578670948064
10408,2025-08-01,Body Lotion,Beauty,South,2,1992,0.05,3784.7999999999997,2146.6743906363827,1638.125609363617
10409,2025-08-01,Jeans,Apparel,West,1,3760,0.0,3760.0,2991.4531470920283,768.5468529079717
10410,2025-08-01,Face Serum,Beauty,South,1,1531,0.05,1454.45,968.9769896741684,485.47301032583164
10411,2025-08-01,Storage Set,Home & Kitchen,South,1,5954,0.1,5358.6,3588.721959164125,1769.8780408358753
10412,2025-08-01,Hair Dryer,Beauty,South,4,1004,0.1,3614.4,2219.628472585353,1394.7715274146472
10413,2025-08-01,Body Lotion,Beauty,West,4,1078,0.05,4096.4,3304.3339590298133,792.0660409701864
10414,2025-08-01,Hair Dryer,Beauty,North,1,1610,0.0,1610.0,1273.0263627915383,336.9736372084617
10415,2025-08-01,Wireless Earbuds,Electronics,West,2,6178,0.0,12356.0,7719.285748508732,4636.714251491268
10416,2025-08-01,T-Shirt,Apparel,North,1,1566,0.0,1566.0,1119.5500296522562,446.44997034774383
10417,2025-08-01,Storage Set,Home & Kitchen,North,5,5996,0.0,29980.0,16551.037278682423,13428.962721317577
10418,2025-08-01,Bluetooth Speaker,Electronics,West,4,6497,0.05,24688.6,16501.99335858844,8186.606641411559
10419,2025-08-01,Smart Watch,Electronics,East,1,3600,0.1,3240.0,2030.9351015821828,1209.0648984178172
10420,2025-08-01,Yoga Mat,Sports,East,3,1082,0.1,2921.4,1996.0686845475182,925.3313154524819
10421,2025-08-01,Running Shoes,Sports,East,5,3074,0.0,15370.0,10090.951256122673,5279.048743877327
10422,2025-08-01,Storage Set,Home & Kitchen,West,5,2332,0.05,11077.0,7017.61883085683,4059.38116914317
10423,2025-08-01,Jeans,Apparel,West,2,1219,0.1,2194.2000000000003,1208.0563882280615,986.1436117719388
10424,2025-08-01,Running Shoes,Sports,East,1,2775,0.05,2636.25,1531.4283696798357,1104.8216303201643
10425,2025-08-01,Coffee Maker,Home & Kitchen,West,2,2974,0.0,5948.0,4477.761897658407,1470.2381023415928
10426,2025-08-01,Smart Watch,Electronics,East,1,5806,0.0,5806.0,4206.133285861437,1599.866714138563
10427,2025-08-01,Hair Dryer,Beauty,East,5,1789,0.05,8497.75,4992.387829749221,3505.362170250779
10428,2025-08-01,Bluetooth Speaker,Electronics,West,3,4955,0.05,14121.75,10592.229532187557,3529.520467812443
10429,2025-08-01,Hair Dryer,Beauty,West,2,1604,0.05,3047.6,2114.342682717255,933.2573172827451
10430,2025-08-01,Coffee Maker,Home & Kitchen,North,2,2436,0.1,4384.8,2667.4223468318764,1717.3776531681237
10431,2025-08-01,Storage Set,Home & Kitchen,North,4,3524,0.05,13391.199999999999,8919.629121757676,4471.570878242323
10432,2025-08-01,Hair Dryer,Beauty,North,5,2521,0.1,11344.5,7606.864675030792,3737.6353249692083
10433,2025-08-01,Running Shoes,Sports,East,4,4143,0.15,14086.199999999999,9386.564883562485,4699.635116437514
10434,2025-08-01,Storage Set,Home & Kitchen,West,2,2341,0.1,4213.8,3100.806288068985,1112.9937119310152
10435,2025-08-01,Storage Set,Home & Kitchen,West,5,1206,0.0,6030.0,4765.666982982758,1264.3330170172421
10436,2025-08-01,Storage Set,Home & Kitchen,East,5,4473,0.05,21246.75,15339.380664613022,5907.3693353869785
10437,2025-08-01,Coffee Maker,Home & Kitchen,East,3,6112,0.0,18336.0,14278.750414416814,4057.2495855831858
10438,2025-08-01,Body Lotion,Beauty,West,4,1332,0.0,5328.0,3171.157017703905,2156.842982296095
10439,2025-08-01,Hoodie,Apparel,West,3,2822,0.0,8466.0,4883.286961098446,3582.713038901554
10440,2025-08-01,Bluetooth Speaker,Electronics,West,3,3057,0.0,9171.0,5819.601947474132,3351.3980525258676
10441,2025-09-01,Wireless Earbuds,Electronics,South,2,8428,0.1,15170.4,9860.869018959545,5309.530981040454
10442,2025-09-01,Coffee Maker,Home & Kitchen,East,4,1985,0.1,7146.0,5828.874677361533,1317.125322638467
10443,2025-09-01,Coffee Maker,Home & Kitchen,South,4,3136,0.0,12544.0,8052.0502756575,4491.9497243425
10444,2025-09-01,Face Serum,Beauty,North,1,2432,0.05,2310.4,1746.0004459174186,564.3995540825815
10445,2025-09-01,Jeans,Apparel,East,2,2077,0.0,4154.0,2502.9862027714507,1651.0137972285493
10446,2025-09-01,Smart Watch,Electronics,East,4,3356,0.15,11410.4,7993.913813581745,3416.486186418255
10447,2025-09-01,Storage Set,Home & Kitchen,East,5,6204,0.05,29469.0,20097.92915537477,9371.070844625228
10448,2025-09-01,Air Fryer,Home & Kitchen,East,4,3351,0.0,13404.0,10240.398319225162,3163.6016807748383
10449,2025-09-01,Coffee Maker,Home & Kitchen,North,4,1856,0.1,6681.6,5311.033849307923,1370.566150692077
10450,2025-09-01,Bluetooth Speaker,Electronics,North,2,2066,0.0,4132.0,2784.0834819064467,1347.9165180935533
10451,2025-09-01,Smart Watch,Electronics,East,4,2776,0.05,10548.8,7131.317509600016,3417.4824903999834
10452,2025-09-01,Smart Watch,Electronics,North,3,3994,0.05,11382.9,6548.486225366393,4834.413774633606
10453,2025-09-01,Dumbbell Set,Sports,East,2,2510,0.0,5020.0,3793.541268593331,1226.458731406669
10454,2025-09-01,Coffee Maker,Home & Kitchen,West,1,5025,0.1,4522.5,3579.568655824149,942.9313441758509
10455,2025-09-01,Storage Set,Home & Kitchen,East,4,2102,0.15,7146.8,4317.5828422461655,2829.2171577538347
10456,2025-09-01,Power Bank,Electronics,North,1,4184,0.1,3765.6,2979.0955287046404,786.5044712953595
10457,2025-09-01,Smart Watch,Electronics,East,3,6932,0.15,17676.6,10775.678019319797,6900.921980680201
10458,2025-09-01,Dumbbell Set,Sports,West,5,4806,0.05,22828.5,13384.292134957195,9444.207865042805
10459,2025-09-01,Storage Set,Home & Kitchen,West,2,4952,0.0,9904.0,6010.641929778011,3893.358070221989
10460,2025-09-01,Jeans,Apparel,East,3,4141,0.05,11801.849999999999,9130.93450845996,2670.9154915400377
10461,2025-09-01,Coffee Maker,Home & Kitchen,East,1,4563,0.1,4106.7,3079.7315993952498,1026.96840060475
10462,2025-09-01,Power Bank,Electronics,West,5,4035,0.05,19166.25,14506.001264174718,4660.248735825282
10463,2025-09-01,Hoodie,Apparel,East,1,1501,0.0,1501.0,990.7149641865133,510.28503581348673
10464,2025-09-01,Mixer Grinder,Home & Kitchen,East,3,4855,0.0,14565.0,11189.175375121766,3375.8246248782343
10465,2025-09-01,Hoodie,Apparel,North,5,2830,0.05,13442.5,8480.641138991636,4961.858861008364
10466,2025-09-01,Bluetooth Speaker,Electronics,South,2,8265,0.0,16530.0,10889.563747717722,5640.436252282278
10467,2025-09-01,Storage Set,Home & Kitchen,South,3,4151,0.0,12453.0,7361.329301952502,5091.670698047498
10468,2025-09-01,Smart Watch,Electronics,North,5,5678,0.0,28390.0,20523.941006090496,7866.058993909504
10469,2025-09-01,T-Shirt,Apparel,East,5,4084,0.1,18378.0,11039.987504863588,7338.012495136412
10470,2025-09-01,Fitness Band,Sports,South,2,2489,0.0,4978.0,3655.3785023575256,1322.6214976424744
10471,2025-09-01,Power Bank,Electronics,South,4,1852,0.1,6667.2,4661.541301473507,2005.658698526493
10472,2025-09-01,Face Serum,Beauty,East,2,1535,0.05,2916.5,1827.9280558462378,1088.5719441537622
10473,2025-09-01,Smart Watch,Electronics,East,3,7635,0.0,22905.0,13233.181155054146,9671.818844945854
10474,2025-09-01,Wireless Earbuds,Electronics,South,2,4967,0.05,9437.3,7472.890294257429,1964.4097057425706
10475,2025-09-01,Body Lotion,Beauty,North,5,1388,0.0,6940.0,5561.296757767543,1378.7032422324573
10476,2025-09-01,Jeans,Apparel,East,1,2646,0.1,2381.4,1677.4307123978006,703.9692876021995
10477,2025-09-01,Jeans,Apparel,North,3,2924,0.0,8772.0,7042.22047390671,1729.7795260932899
10478,2025-09-01,Face Serum,Beauty,South,2,2448,0.0,4896.0,3529.1944867553507,1366.8055132446493
10479,2025-09-01,Dumbbell Set,Sports,East,5,4888,0.1,21996.0,13183.4775539264,8812.5224460736
10480,2025-09-01,Bluetooth Speaker,Electronics,North,4,6326,0.15,21508.399999999998,13391.589442906872,8116.810557093126
10481,2025-09-01,Coffee Maker,Home & Kitchen,West,5,4057,0.0,20285.0,13887.397340352794,6397.602659647206
10482,2025-09-01,Storage Set,Home & Kitchen,North,3,4574,0.0,13722.0,9897.603392838075,3824.396607161925
10483,2025-09-01,Yoga Mat,Sports,West,1,3157,0.05,2999.1499999999996,1986.2330500304265,1012.9169499695731
10484,2025-09-01,Yoga Mat,Sports,North,3,4793,0.1,12941.1,7871.423859888412,5069.676140111588
10485,2025-09-01,Face Serum,Beauty,North,2,2251,0.15,3826.7,2234.584446241189,1592.1155537588106
10486,2025-09-01,Dumbbell Set,Sports,West,4,4120,0.05,15656.0,10589.743733776411,5066.256266223589
10487,2025-09-01,Face Serum,Beauty,West,3,2774,0.05,7905.9,6105.675545729296,1800.224454270704
10488,2025-09-01,Yoga Mat,Sports,West,5,4557,0.0,22785.0,14863.917632727318,7921.082367272682
10489,2025-09-01,Mixer Grinder,Home & Kitchen,North,4,5693,0.0,22772.0,15554.948325600057,7217.051674399943
10490,2025-09-01,Air Fryer,Home & Kitchen,West,4,5836,0.05,22176.8,17966.41909063528,4210.380909364718
10491,2025-09-01,Moisturizer,Beauty,North,4,618,0.1,2224.8,1687.930842477055,536.8691575229452
10492,2025-09-01,Moisturizer,Beauty,West,3,2205,0.1,5953.5,4571.8831327594935,1381.6168672405065
10493,2025-09-01,Smart Watch,Electronics,East,5,6560,0.1,29520.0,20364.35259008034,9155.64740991966
10494,2025-09-01,Mixer Grinder,Home & Kitchen,West,3,5779,0.05,16470.149999999998,12968.577680042537,3501.5723199574604
10495,2025-09-01,Body Lotion,Beauty,East,1,1979,0.0,1979.0,1169.8433057131392,809.1566942868608
10496,2025-10-01,T-Shirt,Apparel,North,5,3357,0.05,15945.75,10808.320168646325,5137.429831353675
10497,2025-10-01,Power Bank,Electronics,South,4,7521,0.15,25571.399999999998,15715.48868794883,9855.911312051168
10498,2025-10-01,Body Lotion,Beauty,South,3,777,0.0,2331.0,1423.8982086454182,907.1017913545818
10499,2025-10-01,Smart Watch,Electronics,North,2,7313,0.0,14626.0,9135.16672107338,5490.833278926621
10500,2025-10-01,Sneakers,Apparel,West,4,1706,0.0,6824.0,4937.580994141025,1886.4190058589747
10501,2025-10-01,Running Shoes,Sports,West,4,2492,0.1,8971.2,6648.419639930412,2322.780360069589
10502,2025-10-01,Wireless Earbuds,Electronics,South,5,7739,0.0,38695.0,21747.837230053596,16947.162769946404
10503,2025-10-01,Mixer Grinder,Home & Kitchen,East,2,3983,0.05,7567.7,5550.888953850658,2016.8110461493416
10504,2025-10-01,Smart Watch,Electronics,South,2,4149,0.0,8298.0,4662.256065493948,3635.743934506052
10505,2025-10-01,Wireless Earbuds,Electronics,West,4,2292,0.0,9168.0,7130.736632407323,2037.2633675926772
10506,2025-10-01,T-Shirt,Apparel,South,3,1562,0.0,4686.0,3792.7044619588105,893.2955380411895
10507,2025-10-01,Bluetooth Speaker,Electronics,West,3,4293,0.05,12235.05,7586.6643074471285,4648.385692552871
10508,2025-10-01,Coffee Maker,Home & Kitchen,East,2,2483,0.1,4469.400000000001,3341.650170336455,1127.7498296635454
10509,2025-10-01,Air Fryer,Home & Kitchen,East,3,1444,0.15,3682.2,2986.647973557675,695.5520264423249
10510,2025-10-01,Mixer Grinder,Home & Kitchen,West,4,5790,0.0,23160.0,15603.432915836467,7556.567084163533
10511,2025-10-01,Fitness Band,Sports,West,2,985,0.05,1871.5,1451.4607539636804,420.0392460363196
10512,2025-10-01,Fitness Band,Sports,West,4,4909,0.1,17672.4,9939.581917910618,7732.818082089383
10513,2025-10-01,Fitness Band,Sports,South,3,3737,0.0,11211.0,6254.345999461307,4956.654000538693
10514,2025-10-01,Air Fryer,Home & Kitchen,North,2,3987,0.0,7974.0,5242.234297973633,2731.765702026367
10515,2025-10-01,Jeans,Apparel,North,1,3352,0.05,3184.3999999999996,2297.7668212143094,886.6331787856902
10516,2025-10-01,Smart Watch,Electronics,East,3,5496,0.0,16488.0,10295.073293899728,6192.926706100272
10517,2025-10-01,Face Serum,Beauty,West,5,2503,0.05,11889.25,7873.216527242398,4016.033472757602
10518,2025-10-01,T-Shirt,Apparel,South,2,2600,0.15,4420.0,2463.841395546572,1956.1586044534279
10519,2025-10-01,T-Shirt,Apparel,North,5,2613,0.15,11105.25,6552.186793118413,4553.063206881587
10520,2025-10-01,Face Serum,Beauty,North,4,1208,0.1,4348.8,3053.282274883795,1295.5177251162054
10521,2025-10-01,Storage Set,Home & Kitchen,South,3,3650,0.0,10950.0,7294.099154460354,3655.900845539646
10522,2025-10-01,Hoodie,Apparel,West,5,1104,0.1,4968.0,3836.5550118796355,1131.4449881203645
10523,2025-10-01,Hoodie,Apparel,West,5,920,0.0,4600.0,2897.252785159673,1702.7472148403272
10524,2025-10-01,Moisturizer,Beauty,West,1,974,0.0,974.0,783.1075132019073,190.8924867980927
10525,2025-10-01,Hair Dryer,Beauty,East,3,539,0.0,1617.0,1206.641443779593,410.3585562204071
10526,2025-10-01,Fitness Band,Sports,South,4,4806,0.05,18262.8,12329.020619367417,5933.779380632583
10527,2025-10-01,Power Bank,Electronics,East,5,2380,0.0,11900.0,8301.548772548897,3598.4512274511035
10528,2025-10-01,Face Serum,Beauty,North,4,1849,0.0,7396.0,6010.95924520271,1385.04075479729
10529,2025-10-01,Smart Watch,Electronics,North,5,6107,0.0,30535.0,16806.40085249949,13728.59914750051
10530,2025-10-01,Fitness Band,Sports,West,3,5415,0.1,14620.5,11390.463878848113,3230.0361211518866
10531,2025-10-01,Mixer Grinder,Home & Kitchen,South,5,2335,0.1,10507.5,6294.368366874676,4213.131633125324
10532,2025-10-01,Coffee Maker,Home & Kitchen,East,4,4822,0.0,19288.0,14579.227866456406,4708.7721335435945
10533,2025-10-01,Body Lotion,Beauty,North,3,2322,0.1,6269.400000000001,3483.161211635345,2786.2387883646556
10534,2025-10-01,Smart Watch,Electronics,North,1,5522,0.05,5245.9,3567.7587245722116,1678.141275427788
10535,2025-10-01,Storage Set,Home & Kitchen,West,1,4164,0.05,3955.7999999999997,3009.5631475208734,946.2368524791264
10536,2025-10-01,Running Shoes,Sports,West,1,3436,0.0,3436.0,2037.3306764699153,1398.6693235300847
10537,2025-10-01,Bluetooth Speaker,Electronics,East,1,2806,0.05,2665.7,1990.8111003350953,674.8888996649046
10538,2025-10-01,T-Shirt,Apparel,South,3,1380,0.0,4140.0,2663.023234219336,1476.9767657806642
10539,2025-10-01,Storage Set,Home & Kitchen,North,3,4608,0.1,12441.6,9285.232339434791,3156.367660565209
10540,2025-10-01,Hair Dryer,Beauty,West,1,1997,0.0,1997.0,1522.2642256426398,474.73577435736024
10541,2025-10-01,Dumbbell Set,Sports,North,3,942,0.1,2543.4,1406.7109347616147,1136.6890652383854
10542,2025-10-01,Dumbbell Set,Sports,South,5,4286,0.05,20358.5,15078.974157147073,5279.525842852927
10543,2025-10-01,Body Lotion,Beauty,East,5,2740,0.0,13700.0,9318.89587227186,4381.10412772814
10544,2025-10-01,Power Bank,Electronics,West,3,2458,0.0,7374.0,4317.941987600404,3056.058012399596
10545,2025-10-01,Sneakers,Apparel,East,4,3175,0.0,12700.0,9973.078723240438,2726.921276759562
10546,2025-10-01,Face Serum,Beauty,West,3,1094,0.05,3117.8999999999996,1923.2071474020124,1194.6928525979872
10547,2025-10-01,Wireless Earbuds,Electronics,North,4,4997,0.0,19988.0,12026.489249012711,7961.510750987289
10548,2025-10-01,Mixer Grinder,Home & Kitchen,North,5,3816,0.1,17172.0,12251.986520128514,4920.013479871486
10549,2025-10-01,Wireless Earbuds,Electronics,South,2,5751,0.0,11502.0,8430.230507899045,3071.769492100955
10550,2025-10-01,Smart Watch,Electronics,East,4,8232,0.05,31281.6,22876.214376975982,8405.385623024016
10551,2025-11-01,Moisturizer,Beauty,East,3,627,0.1,1692.9,977.4308281322907,715.4691718677094
10552,2025-11-01,Smart Watch,Electronics,East,2,6256,0.15,10635.199999999999,6043.193832812782,4592.006167187217
10553,2025-11-01,Face Serum,Beauty,South,2,1848,0.15,3141.6,2199.068994580162,942.531005419838
10554,2025-11-01,Power Bank,Electronics,North,1,5602,0.05,5321.9,3033.4372254670857,2288.462774532914
10555,2025-11-01,Moisturizer,Beauty,North,3,707,0.05,2014.9499999999998,1407.2283707095328,607.721629290467
10556,2025-11-01,Dumbbell Set,Sports,East,3,2418,0.15,6165.9,3886.1726266681167,2279.727373331883
10557,2025-11-01,Power Bank,Electronics,East,4,5354,0.05,20345.2,12658.753889035157,7686.446110964844
10558,2025-11-01,Bluetooth Speaker,Electronics,South,3,5649,0.05,16099.65,11776.171591160382,4323.478408839617
10559,2025-11-01,Hair Dryer,Beauty,West,3,912,0.0,2736.0,1591.2790261208618,1144.7209738791382
10560,2025-11-01,Air Fryer,Home & Kitchen,East,3,5957,0.15,15190.35,8382.098548047143,6808.251451952858
10561,2025-11-01,Fitness Band,Sports,South,1,1183,0.05,1123.85,735.1278715371957,388.7221284628042
10562,2025-11-01,T-Shirt,Apparel,West,3,2620,0.0,7860.0,5863.1355269747,1996.8644730253
10563,2025-11-01,Body Lotion,Beauty,West,1,1341,0.0,1341.0,894.5373217284906,446.4626782715094
10564,2025-11-01,Bluetooth Speaker,Electronics,North,1,6262,0.0,6262.0,4178.563067577235,2083.4369324227646
10565,2025-11-01,Dumbbell Set,Sports,East,4,4756,0.05,18072.8,13212.705851485016,4860.094148514983
10566,2025-11-01,Yoga Mat,Sports,West,1,3704,0.1,3333.6,2498.384023720762,835.215976279238
10567,2025-11-01,Bluetooth Speaker,Electronics,North,1,7285,0.0,7285.0,4493.687690152023,2791.3123098479773
10568,2025-11-01,Wireless Earbuds,Electronics,South,3,5701,0.05,16247.849999999999,11888.151343970452,4359.698656029546
10569,2025-11-01,Power Bank,Electronics,East,2,3161,0.1,5689.8,4393.695578560195,1296.1044214398053
10570,2025-11-01,T-Shirt,Apparel,West,3,2693,0.05,7675.049999999999,4746.300315977928,2928.749684022071
10571,2025-11-01,Sneakers,Apparel,East,2,3468,0.15,5895.599999999999,4172.912787938787,1722.6872120612124
10572,2025-11-01,Face Serum,Beauty,West,4,2217,0.1,7981.2,4465.099395807141,3516.1006041928586
10573,2025-11-01,Dumbbell Set,Sports,North,2,5358,0.05,10180.199999999999,7890.506535237327,2289.693464762672
10574,2025-11-01,Mixer Grinder,Home & Kitchen,West,3,2558,0.0,7674.0,5929.551492918253,1744.4485070817473
10575,2025-11-01,Coffee Maker,Home & Kitchen,South,1,5551,0.0,5551.0,3756.7607966490805,1794.2392033509195
10576,2025-11-01,Power Bank,Electronics,East,1,2622,0.1,2359.8,1305.2123833920011,1054.587616607999
10577,2025-11-01,Mixer Grinder,Home & Kitchen,South,5,6303,0.05,29939.25,22824.517863988694,7114.732136011306
10578,2025-11-01,Hoodie,Apparel,East,3,3368,0.1,9093.6,6097.025364231976,2996.5746357680246
10579,2025-11-01,Yoga Mat,Sports,West,4,4415,0.0,17660.0,12351.62741178146,5308.372588218541
10580,2025-11-01,Wireless Earbuds,Electronics,East,2,7995,0.1,14391.0,11132.755907282175,3258.244092717825
10581,2025-11-01,Bluetooth Speaker,Electronics,West,5,3371,0.05,16012.25,10421.580082191747,5590.669917808253
10582,2025-11-01,Power Bank,Electronics,North,1,3036,0.15,2580.6,1473.4271423594953,1107.1728576405046
10583,2025-11-01,Jeans,Apparel,South,1,3377,0.1,3039.3,2397.344122629068,641.9558773709323
10584,2025-11-01,Storage Set,Home & Kitchen,East,1,4142,0.05,3934.8999999999996,2334.5708958659557,1600.329104134044
10585,2025-11-01,Face Serum,Beauty,West,4,994,0.05,3777.2,2515.593745034638,1261.606254965362
10586,2025-11-01,Yoga Mat,Sports,South,5,1545,0.1,6952.5,4380.995539820613,2571.504460179387
10587,2025-11-01,Moisturizer,Beauty,North,3,998,0.0,2994.0,1933.085855495853,1060.914144504147
10588,2025-11-01,Power Bank,Electronics,South,1,7153,0.05,6795.349999999999,4187.6013089787275,2607.748691021272
10589,2025-11-01,Smart Watch,Electronics,East,3,8061,0.0,24183.0,19567.98778266526,4615.012217334741
10590,2025-11-01,Face Serum,Beauty,North,1,518,0.05,492.09999999999997,325.3782324650514,166.72176753494858
10591,2025-11-01,Yoga Mat,Sports,South,2,5136,0.1,9244.800000000001,6660.722243577505,2584.0777564224963
10592,2025-11-01,Face Serum,Beauty,West,1,744,0.0,744.0,476.9380568996483,267.0619431003517
10593,2025-11-01,Smart Watch,Electronics,North,5,3148,0.1,14166.0,10387.961596832225,3778.038403167775
10594,2025-11-01,Running Shoes,Sports,North,1,2676,0.05,2542.2,1986.6616867270668,555.538313272933
10595,2025-11-01,Hair Dryer,Beauty,East,5,2526,0.05,11998.5,7419.674947298271,4578.825052701729
10596,2025-11-01,Power Bank,Electronics,North,1,2304,0.1,2073.6,1254.3783862073935,819.2216137926064
10597,2025-11-01,Smart Watch,Electronics,North,5,6234,0.1,28053.0,18493.478419887513,9559.521580112487
10598,2025-11-01,Coffee Maker,Home & Kitchen,North,1,2455,0.0,2455.0,1536.4326106237017,918.5673893762983
10599,2025-11-01,Power Bank,Electronics,South,4,4598,0.05,17472.399999999998,14176.716935508432,3295.6830644915663
10600,2025-11-01,Wireless Earbuds,Electronics,North,5,5977,0.0,29885.0,22922.68937443866,6962.310625561338
10601,2025-11-01,Storage Set,Home & Kitchen,North,3,2969,0.0,8907.0,5428.193526555082,3478.806473444918
10602,2025-11-01,Storage Set,Home & Kitchen,West,3,3821,0.0,11463.0,7448.2002806464625,4014.7997193535375
10603,2025-11-01,Bluetooth Speaker,Electronics,East,3,5106,0.1,13786.2,10717.776325867557,3068.423674132444
10604,2025-11-01,Coffee Maker,Home & Kitchen,West,2,4775,0.05,9072.5,5152.681901238412,3919.818098761588
10605,2025-11-01,Dumbbell Set,Sports,South,5,4339,0.1,19525.5,14972.359578123442,4553.140421876558
10606,2025-12-01,Face Serum,Beauty,East,5,1734,0.05,8236.5,6180.7384616186255,2055.7615383813745
10607,2025-12-01,Wireless Earbuds,Electronics,East,4,3725,0.1,13410.0,10663.922889037258,2746.077110962742
10608,2025-12-01,Running Shoes,Sports,North,2,1703,0.1,3065.4,2134.2679912084473,931.1320087915528
10609,2025-12-01,Fitness Band,Sports,South,5,4240,0.1,19080.0,12483.609702196216,6596.390297803784
10610,2025-12-01,Face Serum,Beauty,West,5,1454,0.1,6543.0,5133.197474108461,1409.8025258915386
10611,2025-12-01,Running Shoes,Sports,East,1,4701,0.05,4465.95,2917.8537383493654,1548.0962616506345
10612,2025-12-01,Hoodie,Apparel,South,1,1083,0.05,1028.85,713.9991395800422,314.8508604199577
10613,2025-12-01,Hair Dryer,Beauty,South,5,1652,0.05,7847.0,6065.713587313399,1781.2864126866007
10614,2025-12-01,Mixer Grinder,Home & Kitchen,North,3,4115,0.1,11110.5,6300.185460633841,4810.314539366159
10615,2025-12-01,Running Shoes,Sports,West,4,4840,0.1,17424.0,10291.732809428308,7132.2671905716925
10616,2025-12-01,Wireless Earbuds,Electronics,East,5,6300,0.1,28350.0,21902.310193889865,6447.689806110135
10617,2025-12-01,Moisturizer,Beauty,South,1,2603,0.0,2603.0,1793.0356329289639,809.9643670710361
10618,2025-12-01,Running Shoes,Sports,West,5,5225,0.0,26125.0,19644.988409179787,6480.011590820213
10619,2025-12-01,Yoga Mat,Sports,West,3,4247,0.15,10829.85,8686.23489550963,2143.615104490371
10620,2025-12-01,Yoga Mat,Sports,South,3,5360,0.05,15276.0,10757.5703239139,4518.4296760861
10621,2025-12-01,Air Fryer,Home & Kitchen,North,3,6307,0.1,17028.9,13270.252779032753,3758.6472209672484
10622,2025-12-01,Mixer Grinder,Home & Kitchen,East,4,4050,0.0,16200.0,8985.013146097079,7214.986853902921
10623,2025-12-01,T-Shirt,Apparel,West,4,2651,0.0,10604.0,7297.053991191036,3306.9460088089636
10624,2025-12-01,Bluetooth Speaker,Electronics,West,5,4996,0.05,23731.0,16774.414035584123,6956.585964415877
10625,2025-12-01,Jeans,Apparel,East,3,2821,0.0,8463.0,5977.305572363009,2485.6944276369913
10626,2025-12-01,Hair Dryer,Beauty,West,3,2145,0.0,6435.0,4613.909838169911,1821.0901618300886
10627,2025-12-01,Face Serum,Beauty,East,5,2085,0.05,9903.75,7598.075750753309,2305.674249246691
10628,2025-12-01,Yoga Mat,Sports,South,3,5283,0.05,15056.55,11024.289998432654,4032.260001567345
10629,2025-12-01,Moisturizer,Beauty,West,3,1439,0.05,4101.15,3020.6555815164797,1080.49441848352
10630,2025-12-01,Yoga Mat,Sports,South,2,1817,0.0,3634.0,2622.6719298758317,1011.3280701241683
10631,2025-12-01,Hair Dryer,Beauty,West,4,905,0.05,3439.0,2511.4857421212755,927.5142578787245
10632,2025-12-01,Hoodie,Apparel,South,4,1133,0.1,4078.8,2914.785141582372,1164.0148584176281
10633,2025-12-01,Fitness Band,Sports,West,4,3590,0.05,13642.0,11015.293967320376,2626.7060326796236
10634,2025-12-01,Hoodie,Apparel,North,1,3489,0.05,3314.5499999999997,1893.3061417918245,1421.2438582081752
10635,2025-12-01,Fitness Band,Sports,West,3,4121,0.1,11126.7,6319.547839335526,4807.152160664475
10636,2025-12-01,Wireless Earbuds,Electronics,West,4,6523,0.0,26092.0,19216.32847897432,6875.671521025681
10637,2025-12-01,Body Lotion,Beauty,North,3,1762,0.05,5021.7,3270.980207513226,1750.7197924867737
10638,2025-12-01,Fitness Band,Sports,East,1,5174,0.0,5174.0,4099.302167192616,1074.6978328073837
10639,2025-12-01,Hair Dryer,Beauty,North,5,1832,0.15,7786.0,5999.758887345,1786.2411126549996
10640,2025-12-01,Hoodie,Apparel,North,3,1193,0.0,3579.0,2037.0931443298907,1541.9068556701093
10641,2025-12-01,Smart Watch,Electronics,East,4,5945,0.0,23780.0,13727.340032634116,10052.659967365884
10642,2025-12-01,Wireless Earbuds,Electronics,West,3,3840,0.15,9792.0,6548.2034878490695,3243.7965121509305
10643,2025-12-01,Power Bank,Electronics,East,5,2661,0.0,13305.0,10287.252413465865,3017.747586534135
10644,2025-12-01,Storage Set,Home & Kitchen,North,5,5331,0.0,26655.0,20482.67178563315,6172.328214366851
10645,2025-12-01,Power Bank,Electronics,South,2,5926,0.0,11852.0,8321.529302682913,3530.470697317087
10646,2025-12-01,Yoga Mat,Sports,West,2,2347,0.0,4694.0,2976.7294548633936,1717.2705451366064
10647,2025-12-01,Power Bank,Electronics,South,1,4936,0.05,4689.2,2967.068493473526,1722.131506526474
10648,2025-12-01,Hoodie,Apparel,North,2,1476,0.0,2952.0,1900.2225901887577,1051.7774098112423
10649,2025-12-01,Body Lotion,Beauty,West,1,1922,0.0,1922.0,1080.4322904995197,841.5677095004803
10650,2025-12-01,Wireless Earbuds,Electronics,North,1,5935,0.0,5935.0,3576.9945855170263,2358.0054144829737
10651,2025-12-01,Storage Set,Home & Kitchen,North,4,4309,0.1,15512.4,10045.504795248491,5466.895204751509
10652,2025-12-01,Hoodie,Apparel,West,4,886,0.1,3189.6,1862.791938380249,1326.808061619751
10653,2025-12-01,Wireless Earbuds,Electronics,North,5,7309,0.05,34717.75,24525.136102737175,10192.613897262825
10654,2025-12-01,Coffee Maker,Home & Kitchen,South,4,2774,0.15,9431.6,7075.8948017177945,2355.705198282206
10655,2025-12-01,Bluetooth Speaker,Electronics,South,4,1852,0.0,7408.0,4511.854594215219,2896.1454057847814
10656,2025-12-01,Smart Watch,Electronics,West,5,8365,0.15,35551.25,25036.623921099832,10514.626078900168
10657,2025-12-01,Smart Watch,Electronics,West,3,4753,0.0,14259.0,8177.460199260456,6081.539800739544
10658,2025-12-01,Hair Dryer,Beauty,North,5,807,0.05,3833.25,2336.5044513099674,1496.7455486900326
10659,2025-12-01,Smart Watch,Electronics,West,4,6420,0.05,24396.0,17371.805957981338,7024.194042018662
10660,2025-12-01,Power Bank,Electronics,North,1,3773,0.0,3773.0,2639.8591284852528,1133.1408715147472
